Tweet ID,Username,Text
1892460202127216885,1139587087710052353,"RT @Python_Dv: Build AI Model From Scratch https://t.co/gXzEGbBlRi

#python #datascience #machinelearning #deeplearning #ai #artificialinteâ€¦"
1892460144887259239,1437175180338634755,"RT @Python_Dv: Cloud Services ðŸ”¥ðŸš€

#cloud #aws #azure #googlecloud #python #programming #developer #programmer #coding #coder #softwaredevelâ€¦"
1892460144383885811,1139587087710052353,"RT @ipfconline1: Using Archetypes to Decode The Four Types of #AI: Generative, Analytical, Causal, and Autonomous AI 

https://t.co/Kuozzpyâ€¦"
1892460118568292571,1139587087710052353,"RT @BetaMoroney: From Prediction To Practice: #AIâ€™s Role In #Healthcare 2025

#cx #artificialintelligence #generativeai #data #cybersecuritâ€¦"
1892460109474763220,1879074416983773184,"âœ¨The future of innovation belongs to those who leverage AI to optimize efficiency.

Are you ready to lead the AI revolution? ðŸ”¥
https://t.co/EfKeftRbgb

#AI #MetavizAI #MetavizAI #webdevelopment #Appdevelopment #python #Flutterflow #machinelearning #datascience #IOSdevelopment https://t.co/7XBkD96s1S"
1892460046300152110,4714148356,"RT @TrinusOfficial: Learn about the #DataScience techniques through this #Infographic!

Via BigDataSpecialist

 #DataAnalytics #ML #AI #Tecâ€¦"
1892460023923552593,1559603723134959624,"Listed on @afternic,@Sedo,@Daazcom

#Domains #DomainNames #AI #ArtificialIntelligence #MachineLearning #Agent #AiAgent #AiAssistant #Software #DevOps #MLOps #Startups #Business"
1892459863977934882,1833744411571707905,"8 strange ways you can (accidently) expose data
#DataSecurity #Privacy
#100DaysOfCode #CloudSecurity
#MachineLearning #Phishing
#Ransomware #Cybersecurity #CyberAttack #DataProtection
#DataBreach #Hacked #Infosec https://t.co/oRHvgwDo5j"
1892459727549858133,1811270848315359233,Dreaming of a work-from-anywhere setup? ðŸŒ´ Calyptus is hiring ML Engineers! ðŸš€ Submit your CV to hr@avishaglobal.com and turn your remote work dreams into reality.  #remotework #workfromanywhere #mlengineer #machinelearning #hiring #jobopportunity #dreamjob #techjobs #careers https://t.co/MJ0GTemmL3
1892459706314010783,1833744411571707905,"8 strange ways emproyees can (accidently) expose data
#DataSecurity #Privacy
#100DaysOfCode
#CloudSecurity
#MachineLearning #Phishing #Ransomware #Cybersecurity #CyberAttack #DataProtection
#DataBreach #Hacked
#Infosec!! https://t.co/bFpY5PTbx7"
